id,uuid
144,83affdff-5a95-4b84-bfe3-e1b42c069246
255,3abbe716-433a-44ec-9439-3d21bf90c21b
109,44971339-2e95-47fd-949f-c15940cc36c0
256,ce6ec413-2ebc-40d1-995c-1899b68a928a
78,d0c1aec6-1a50-4dbf-9e09-cca352a7065c
79,ed0d4bb4-7d61-4658-8fc6-2b9a1dd8ac76
143,956ef08a-33bc-4274-9f1a-2b8a82d8b80c
229,7824efc8-ab80-49ef-b656-988e4e89013e
77,a316ffcd-f655-4efa-9a38-07841ac35836
80,ff8f817c-9f1e-42ce-8c3d-609b2dd14274
228,c5e01db3-98d9-4d0d-baa4-3b9c1dc802b7
117,9a4275fb-0e4f-426e-9670-3d58780007b7
61,d6f67645-9abe-4587-ac14-cbdff3ed5e15
298,75ff1eff-1830-49ff-8323-6bdf32f46f7a
163,e25128cc-0f82-400b-9967-f58a8d186f6e
164,9fa912f3-0b56-4fe6-a29c-ed7e717c64c9
313,46e91eb0-2739-431e-adfe-db1d43d98e27
188,627c86fc-fbed-4597-b273-f63b411f4cd7
165,851bbd7b-bd69-45ed-9d6c-e998f7e4aaf1
127,351b67dd-405d-4486-956f-4fd360d6626b
187,cac681b7-452f-4d69-8b4f-a66d69c677e3
189,79fcf90e-3bb4-44c0-85a9-e46202a84334
145,063734f7-0b52-4a8d-955e-f4026dde2c07
297,98ec487b-ec47-4d23-9381-c2674cdba5b8
254,1e9a9f58-39d7-48d8-82f2-187463616fe0
186,28758190-1991-401e-b977-af6d7935e405
55,a24c9e41-fad6-4800-a2b9-2bb8ad54553f
59,4fe99fe1-08c2-4260-ba3b-2fd05841968a
257,ee3b6b44-a387-4c5b-8f53-609e243b3543
285,465051f3-b064-43d8-b10c-a0dc8cc3b1c4
166,1c84844f-0bc2-46f1-8e23-c722a9171a11
190,41009783-dc47-4bd1-b444-22e63a4e22e0
128,6256fd59-3208-4c47-b61b-32b54fd413b5
299,7f0f0d2a-b7b1-4047-bf72-89e0881b2bbf
167,a4bc2f25-a71f-4245-9c3e-0f94f00fc89e
146,679072b1-5ffc-4b7e-bfd3-0d310c8548df
147,363e7159-4b98-4f3a-a1e4-248eb380e366
168,be48de85-e633-49ee-9af9-fed35203b6a9
300,3729d08c-51f5-40e2-8169-3237c6e2a36b
301,38f8b7e3-7609-4cab-af96-312ff95a41da
315,163f1c0c-8b1b-41ad-b473-f284baefdc10
302,3a5a63be-2e64-4737-8715-787e357c08a9
148,c4d52e02-5dbe-4aec-9284-7dc6e06bbff8
192,80c9c501-115c-4b97-8517-c2d2bd338990
215,82844751-68f9-4ef5-92d7-a1b4a28adac1
258,6314f711-1b58-45ce-b03b-162b1ecf59e0
303,07e27307-1e01-4e63-8e8e-be701e060d7d
233,be3b7d90-0355-431d-839e-bb1ea1e06f86
236,691cd784-9c1f-42cf-9b8c-814f979f374a
169,c6256791-eaba-4545-898a-3385e74576a4
95,841f7215-9df8-4531-b6eb-48e71e1a2a48
259,7727c77e-82a4-4999-8778-1e7ad7bc57be
96,48d03243-6d3e-486b-8def-6fb06b2c8e78
260,580bfc87-5974-4598-942f-d7eb3183b40e
261,00054470-848e-4d3a-9963-632fe97bab46
97,d073e986-96b0-42e3-b612-ac64ef5577de
118,978e201d-cdac-474a-bc2f-29e022e46d10
98,19be39d8-0097-4cc7-a04b-ead7dfc24f5f
327,e71d8af8-a038-4a78-9d05-20a88adde86e
58,99dffe24-3da4-46f2-b4a2-e7394336c0f4
99,0602c056-32b6-415c-ac79-b14fff24b6a1
237,3f657630-708d-4af7-9ba3-c4ec14030cf9
110,09144ad0-4a65-45dc-a01f-36a94254c081
286,6a198e21-5b36-476e-a414-32b6aa5e03da
331,99d02ee9-870a-4b27-b169-48ee41619fd0
111,0f056f45-47e4-42e3-955f-24735da942fa
238,2d54a047-f09e-4267-a8b0-d8ed557151c2
218,ca3b058e-db85-41ab-96ab-d2f03aade273
304,332dd6e0-91f9-4382-97f2-a17dc044ab93
68,f2398230-dff1-425d-8e15-a9b2e073828c
193,b7b13a04-a0c0-45f4-9c9b-ae74c618782d
48,cf296ad1-d749-4b8e-9340-ef35c89c9f41
239,e420410a-18a3-47a2-8e05-9aeb2f144997
122,e1161ee9-cfa6-40a1-9691-de05b2c8d582
69,a08753da-ae19-4641-a835-46d8c4371ab6
305,7a78696e-116a-41cd-a3a8-c4d022cf4478
306,1738a590-6bab-4dcb-8fda-1b66eb0d38e7
82,384764e3-f7ce-40cb-a873-6cab13edb832
194,8c27b29a-78a3-4998-8895-0f59d324a6be
241,0b1a55e9-b3b6-4619-99a2-6ca1a28ef7b6
195,ec4165a2-4666-4a03-b439-ad7a5807a00d
230,12690b68-8e4f-4cff-99c9-0b2b5dec4670
307,0392328a-6660-4cbf-9315-9f2c1f67d065
70,2efce0e4-bcf5-48bc-9048-86d3dca3e37f
129,7ac77da0-3cac-4117-a2f4-1bd537169dfd
100,e535d59f-0b20-44cd-88b7-456d2a0bdbf5
51,6c0fb843-2386-41ca-aa16-d0dee059bdee
170,027036eb-2b2d-449d-be88-adc8b7274e7b
130,75c63a38-dc11-4d77-a110-5d89ce60476c
287,7b090f3e-d692-4ef7-960e-7f7dd5347402
196,fcf0836b-2cca-41b9-8185-d3e0d1f75b0a
288,2ddd1d75-869b-4e50-b14a-16c1a5bc7b71
149,af14d034-5496-42fd-a8b3-99d5ccf9533c
83,89413cc1-c213-4c7b-8cb8-42cfa2fc0816
119,0cf246e5-b03f-47d5-a1cc-d1991b8223b7
262,cc25230f-08bb-4e1f-b770-084c3037e3b5
216,29846791-71ac-482a-b2e0-2be355f50b1d
197,12508550-ae70-47f5-933a-18e6be3344fd
316,06ad90a8-0d16-499b-a0be-24f341cddf69
263,184bd2c9-8707-473f-b4cc-99ae446cd876
314,f407dcfc-c8a0-4346-978b-6b73326ae605
364,42a79298-a2dc-41a0-a7f5-48c08a443483
123,ec138069-d4a5-4ed7-aa2d-e0c92efe2f34
289,e5f8466e-0c7e-4334-a236-0aee75a1ec01
84,3bba2b1b-e892-4c1c-99ee-ef27888a5df0
101,f0314792-f8e6-4290-8b25-ce3f2e57b962
85,28c4d4b0-4894-4237-88da-0f1837176e89
124,490b20ab-b172-491d-8fbf-69f60da46de5
290,c92ebd44-f8ad-4a4c-b7c9-29ce3f824c49
213,6772ae15-b8cb-4568-871a-f0ed833d93f1
113,b23a4a61-d44b-482e-8f92-c2e02f5e447e
171,652eb23a-2ee0-46ff-92a3-5d2a075e3bb9
102,c409bc31-6dfc-4101-896f-13b1e3a0fc09
86,aa58f04e-e99e-4d86-8dcd-1f5c14bd938d
308,1ce50fa7-f47c-438d-8c4f-cded95d4973c
112,58ef1d86-0cf5-4ddf-9b48-8b13376cc7ae
198,bb67482a-a65a-4e7d-aa3d-a199d49995d7
243,e1a2db7f-6f70-4054-9d7a-bc1586888e65
199,b1c96c13-d19f-4b0e-aedc-d30ee38f08d3
52,817be0a5-2331-4f5e-8eb3-7d0789ce502a
172,9b77e132-bccf-4f8f-b548-8928ef3b5ff2
264,a6ef3558-4893-42b9-9f8d-6fd2a7e39913
265,64545a36-6964-4d73-b302-507ff06f693a
266,cff2bfd7-dda6-4357-a52f-a109c776eaf5
150,7ea995fc-0ac1-4362-babb-1ccf05411326
57,4182c0c2-f8be-4a02-8dbb-ed2fc18a2cce
151,11e6d7de-6e1c-48ff-b706-517816fc8aa9
87,bd6fcf82-5bf1-41dc-8a56-388b8edc9f1b
267,eaea6298-74b6-4831-afba-fb764333c906
200,93dde394-5059-4e42-ad48-98763fe2c173
88,f5de1e4a-917b-4d09-bd96-da09de361768
103,3ab51d34-2479-43ed-9d4a-3bb447a61dfa
104,28043079-82e8-4086-934d-f6bf6c1e166a
291,14538c66-b7b4-4eb6-9756-e879e336ab08
268,5a9d0f50-c042-4c03-abc4-023a95f74ae0
105,4f128742-5297-480f-99e0-35d09927cbbd
244,7b415a0f-e5b3-4ccc-8401-cc6654ac1332
174,0c00d895-9e26-49be-87a6-4d3e7579cd72
269,894770d1-2b47-4851-a581-97c3c9704227
67,2eca9889-8d8a-467d-9d41-3ec06b1382da
175,14ff7ce6-51c6-4e1f-af43-c2ce9b59ad0d
131,ac9f7fd2-1ddc-4e4f-a990-98c241d0b271
132,27607771-d349-404b-aca5-ccd63d48a1a6
292,873a0db8-9d70-437b-bbc3-404d2f77bca0
270,7a820233-ab92-490d-ba32-cad21c11b87a
114,fe7474d8-9d84-470a-986a-1d4594b77e74
133,efae9bf8-2447-4335-a484-d9fd22627862
219,fe70af3c-c7ba-417c-b412-7551deff75b0
73,6bf53da7-5b3c-4704-adbd-f28e49a1a498
152,b7751294-c776-43e6-ad87-06468a791011
271,3aff3396-3004-45bd-9014-1de65d82ae9c
272,b2a3c262-b8ad-4a22-85ff-33b2fc91d289
176,75d5c557-1d22-4dec-981a-14b11bb90a60
89,014756ef-e578-4ed0-9572-0566d07c9571
65,52960793-d6ca-4a42-acd5-6ff8b4816b65
201,99898340-ce67-426e-85ad-bf830df12509
72,1e080a2e-7dbb-4cd8-b528-d60e80188e64
363,c5e9f138-2ed1-4c24-836c-8356b071a244
324,e6d5a734-c060-4f5c-add6-4508313173a2
90,2421bd04-dd39-4251-a8b0-d76132d31998
56,2a72f0d2-f554-4a5f-954a-31808f9a861a
317,6a911dae-ecb0-4b1d-a44f-76be6f32537a
134,67ae286e-6d45-461a-9474-cf27b2a4085a
53,a700c36b-71e0-4714-baaf-9ed78674a96e
135,45e56296-42f9-49d1-8509-8b7003cbadd6
318,388ce696-25a1-4299-8907-0eb32b799794
153,ababaa3c-488b-4e1d-96f2-4bd697378fe8
91,a60b4254-da77-4964-aac6-d2e40443bb68
115,8e0b6c45-bd42-4dca-a019-5ece10e32cf5
273,f51ee8a2-d54d-4209-9c01-1bcf3eeeec02
227,39a3c627-5ca5-4bed-b1ad-1b74718728c2
106,e73ebcad-0a98-4916-8d34-50cd360f6ea5
136,fa549ff2-72ab-4eb3-adce-eb37982d3885
154,bccc380b-6f05-46dc-9bc9-cc42fed14389
245,2f9b8f33-b683-4398-8bd0-a502d9b6a5df
211,fffcccfb-40fa-4d43-affd-f17b581e95ca
62,d33ad4b2-7aa5-46c3-9165-6bcf2b9b7896
202,6347977a-3ca1-47f8-8668-d69d12d39c2e
155,2086d4b4-3420-43c8-a096-5c91dcf123e7
156,8ab5bbfc-f6c0-423e-92fa-c136e8d50497
177,38f3710f-34b4-4dec-b6c8-6683c9596f73
309,135b5494-0b20-4187-ac15-78b684d75edc
274,7714bbac-58ea-4f47-b78d-04d2d0eda2f2
178,c73ea9f0-2c10-40db-b04d-883e9e17239c
107,dc9a67c0-9707-4be7-9161-726bfa89b984
76,1a563295-cc2a-4a1e-ad68-586042a98ca2
247,1d967f01-908d-48e9-85ac-bc9e3c9512bd
108,3dc94cdd-9021-47bb-af87-b4717c63c7b1
179,5a24b0c5-bd06-4540-ae34-7c165bbb63e4
248,3e9a88cf-1902-4e6d-a841-83986cd21212
137,3ba0b79b-5e96-41a8-8804-15638e50a865
226,49521e6d-e947-4d3f-ab05-451a3dabd07c
276,adbbd7c3-b8f0-4a6b-adc8-4e73ac7e9af4
159,611cd557-c0be-4913-9ae5-d74e9be16492
246,9cdeffec-5571-4ef7-adcb-c3270f31659a
138,2d650435-3acf-4d1d-9514-eceb5752aada
278,ad336f77-9680-460a-9e14-5813f97a32ad
293,cb3943cf-157b-4a0a-b9e8-15ea1d610719
203,f3548156-84a5-4565-9ee7-76967d7ea798
217,d3da2191-46b1-46f4-af00-be5c9c60d431
157,6495c988-c391-48d2-be21-a8b7cd126cd8
158,230bc001-009d-4595-b654-99a2e9de9a06
49,41af2f16-8b4b-4456-a06e-6da4f94d70f0
81,b26395d2-67c3-4300-921f-ab216808f868
275,60bca07c-3a6d-4f60-beaf-ed948310601d
250,7fc145f7-4983-4db0-8b21-4e67d1c407d0
204,4cc856d3-cc75-43c1-9058-63d52b9c7d79
92,c526c181-6511-407b-a96a-6465dda4f187
325,d1fe209a-7f44-4d99-ae09-50edece2c00c
205,0eab7037-bb77-4e2a-b82b-8d5f904ad3c5
277,4b37eb6c-0bc6-480c-ade4-095ec5ce3089
224,dfb64e8e-af43-42ba-8f3d-9620b29ccc1c
225,a4ebe667-f47c-4410-bd75-4bc97029cc9c
160,df499c75-bccc-4d5c-9fb0-b3ab3f708ba1
210,6f505430-1acc-4750-b527-146d3b1da491
209,43049ae1-cda2-49b0-a0ed-9d1647e1899e
279,3b7b1297-40ba-411f-8f11-4ed26140cc83
330,390d57d7-17b5-429a-bed3-5642259c5be6
161,4c5a0332-4bc4-40ff-9fcb-4449a37c1383
93,7551a347-4330-41c4-8f4f-585b6d2dec1f
180,19374a5a-0fc1-498b-9bf5-b91cc4aa7d93
320,a69f4bad-1dad-493e-85e9-57748dc10c71
181,cb3cbf86-67a4-4f21-a66d-1714412a2c04
60,d0a1cab8-d9a4-4db6-8802-8c90a3f9ade3
294,01f79d88-9c0a-4db1-93ca-095b45248ef4
125,fb1b6423-fa85-4891-b528-d1545485988f
280,5122802f-5786-4096-8c07-d167ced6c481
71,6842076d-5956-4438-9e11-f39b95dec399
206,b7dad67e-e4b8-44b6-801f-50e412eb64d4
326,324738d4-921d-4ec1-9228-90dbd7cbb9ff
281,24f6d621-9aa0-4964-852c-d06373a3d183
251,27e3cf1a-6ee3-483c-83ce-32f0a00c77c2
252,72a2f52e-390e-4a50-afd2-4abdab350fb8
282,8be18aef-b201-4b56-8db9-7dbd3827ca21
235,c7d6ee4c-d6bb-44e4-855b-f1e765e9d55e
310,c84ab169-5009-4724-a0a4-ef1d10cd95ce
283,565b87b0-ff25-4765-b2f8-fc7545323bf4
212,968915e2-c1fc-4441-873d-c60f71e35dff
295,ae176149-12a4-4161-a6e4-ba187444b563
332,b805d0c0-4a6b-4e79-a971-6a3a37d22db0
311,2a4b2ec5-7dfa-4db8-9e11-2037b8115a23
116,96263773-4f42-4683-8152-a4145eb75fff
139,8e13dd92-e073-4b1e-a7fa-b13c4ba71e75
220,404faa7e-fbf2-4eea-8887-dc82dbbff1ef
207,b5c90cd9-eb23-4fe4-af17-7912d02dbb1d
94,aa603f20-0274-4391-a457-19f7e97503ce
140,d2ece076-c435-48c7-b75e-2836d6a14a09
234,f530a0bf-b29f-4f8d-9d82-8ccc7259b0fb
162,0ea227b0-e47a-4c72-be62-f9de1dcc2951
312,59eb4fa2-c5e1-47c2-b91a-ca75471c8265
223,dca8db87-9cb3-4852-8c39-6b763ca5b8ac
141,4ff1d3ef-bd43-4960-8673-a27e90dca6a5
182,866062b9-9a99-4d50-8b69-14ffe73ffdbe
253,8594ea7a-ca9d-4f69-ac73-ce1f87a2c1c9
284,3003721d-1c5b-4df3-8109-6de939765fb1
321,89bdfdd1-bf41-4aa6-8377-f090efe38c87
183,5c9d27ee-6974-4ea5-8183-6f06dc301afc
50,e21673e5-b4e7-48d4-8fa2-abd5709e1511
221,d4c01a79-43de-4239-a450-61f3bd52cda0
126,626463dc-6e2e-4be7-b9d8-6578a21a40a3
232,8644ee72-10fb-4aae-bcba-318a6ec40c5f
208,80e6867a-f955-4e80-9d28-522f41b79f47
184,d81ee79f-39a1-40b2-9d8f-6a73d27afc1c
54,d73755ff-49b4-4e0c-b074-21f32851e4ca
322,34a6cf7e-1c03-472a-ac35-c1b14fa4d506
214,84462ace-9a7b-4d2f-8831-0cd3b68b2d42
142,f8fb84cc-6a26-45f6-96ea-ffe123cee061
120,c4c47d3f-0625-4805-b15f-35073272aa42
319,7d0c026a-937d-4ce9-a2f7-1260f9a8d6e0
323,10b645b4-0f5e-4661-b938-3e5cc2ea6d77
185,dd3f0e1f-560d-48e0-87cd-dce8b36e83d4
121,7887123f-931b-4d65-a028-dcc9cc681ee4
222,fefcd7e0-136a-4c2a-88f3-70e55192ebe0
296,2b648025-0773-45d6-8d50-e3f5f41efd68
0,ca6b6875-da6c-427f-bf1e-3403971e1b8e
1009,a36e4cd9-f0c1-4b09-bc81-be6099b3d4f0
1014,53431e85-6cfa-48a2-9ee8-f3fbaba0384c
1015,0033dd20-600f-422c-827b-d7aee71b8251
1016,464eaf56-2288-431f-beeb-4983f6140c74
1017,698f3e71-db25-478d-a78c-de821085cf22
1018,9d732b7f-c1b3-4fdf-bc0c-38b11f06907d
1019,d060418f-6d83-4104-83bc-d5d88c5c3f4b
1020,8cb0da1c-9158-4776-b9dc-ed9290efddf5
1021,8ef939dd-bace-4db2-bd54-a45093935a83
1022,e4cb3fe5-873e-43d0-ac5c-b7a633893beb
1025,7320ffba-40af-4fcd-a9a0-4d5f30076331
1026,b4b50599-bb8b-43c5-9982-9e220e6d7156
1027,bc9975f0-4ed7-4bba-815c-d273a33d6648
1028,9dcfefe9-348c-41e0-985b-2ceca35a508f
1029,2084288d-e4ba-46fa-bee7-98be46e33920
1030,7dd78a2c-df70-4576-9ed1-397cbcbb23d7
1031,efbdd170-3282-4e23-b258-eb5ffc3b70fc
1032,73a4bf86-97a9-4d21-a279-ab23e0cbd13a
1049,eeb65ab8-5851-4bd7-89ca-1b922d882359
1050,76531cd0-88e6-4b19-bf8e-f17c926e5db5
1051,6fde0423-32de-43bb-b2c3-9c98ae6f353b
1052,ff2a3169-616e-430e-b46d-fb54ce157253
1053,37c6f3d5-2408-4a02-8b21-e7934f201e1b
1054,88109b62-b1d5-4962-a8cd-f5521bbaff66
1055,0b7e61e3-3e62-453f-976d-4f6a0933fd27
1056,528d0b24-f03f-4c90-8fc0-80dcced4a09c
1057,4de676c0-a55d-4a5c-ac2e-ab4e016791f8
1058,bdc92e09-016a-4f1d-bd48-db7d47843b3d
1059,e55aad1e-b2c1-4e29-b78e-3e6d619ae373
1060,5571c292-59f9-4b5b-a05a-e2cdc02f8190
1061,ac68850d-c77e-4049-bed3-e1c262f1a7c2
1062,87f4f878-1816-4a76-a277-f05f25d08030
1063,de874696-fe65-49df-b902-c0be81a1dc87
1064,31fc2461-e60d-4adf-a645-e5d11fb4bb2b
1065,f060414e-cb83-4653-a985-a383cf271c40
1066,99edd1eb-d184-4a9c-9227-5c978e191584
1067,38cec3fd-c0de-45f6-9fb3-108b1d3acdca
1068,394ae451-80f2-4116-a97f-771f32980fa3
1069,5534200b-2de8-42b6-a896-f2de53ca8605
1070,7f2d9dcb-6691-4d0c-9ad3-a607ffebaec8
1071,17d0217c-4dd4-4521-af77-ceac3e493f81
1072,f238714c-f7cb-4f9b-b3cb-1d98736d0a7b
1073,6a409378-f634-434e-881a-3ba92197d323
1074,58126333-cd6f-4bdf-a608-00aecb6b5d18
1075,379f871b-de9b-4c7d-82ef-ff2830c3f39a
1076,cb44eb67-1d6a-4711-82e2-16e8b767ab86
1077,09027bb5-c64a-4192-816f-081b41067399
1078,d8b807d9-9075-44e7-892e-256d5e643fe1
1079,18bd60e9-6275-474b-9ca0-65468254edaf
1080,a1e70b74-fbda-430d-9d1f-16f9474d1b20
1081,415a7fd5-a470-48a2-9d0e-71c760f2f2d3
1082,34de472f-a1bc-4708-a663-bda27294e2dc
1083,0b69a6b3-c525-44d1-92b5-ec724be22926
1084,7979322b-423d-4777-8810-1930c8e2604f
1085,8bbdb014-1a1c-4870-8c17-26b9d9b21577
1086,66d63af9-7811-4f17-a0c1-e319bbf5358b
1087,8dd05c52-29e0-4782-aeaa-0b3eb1bea3f6
1088,16e06eac-886f-4ee4-adb5-4bbf5b275341
1089,e9812b11-7a1a-4677-9032-ae158e602742
1090,337d26d3-54a2-45cb-870c-c0697712843f
1091,7a0e48e3-4f3c-42e6-bc5f-87c4a46f0f69
1092,89859c3c-7602-4434-a637-24d7461ad955
1093,60dcb5fd-9cba-447c-90af-04ae98685189
1094,b9643168-b5a1-4e8a-8abb-9770a01fdacd
1097,8dd2336f-25a5-43b1-8e62-1a82e0651e53
1098,17ba1a6d-79f6-4414-b652-384df6b6acf4
1099,ca87f98b-0e97-415f-a6b3-552bbed26a55
1100,ca5ba9bb-ef38-4128-834e-6b5bfefdf3bb
1101,6278dd57-b5b9-4b7d-ab28-0ec983a281d7
1102,3c674edf-0d42-421f-a8d4-a502355600d5
1103,8cef6c06-73b0-4d1a-87f7-eee320720c44
1104,a99b9708-76d6-402b-b905-b41b6567b3f6
1105,7b99fa53-c164-4933-b66a-e18654872f6f
1106,f151d02e-64a9-469e-916f-85ec2278d6e1
1108,15eed901-599c-4a71-b060-553d26cb1403
1109,3cb7013a-53c2-494e-b280-75ef4e02aed0
1110,0660f6ee-a5c0-4532-922f-e7b2a8f49c19
1111,def03355-caa7-44b0-a261-16f370533f4c
1112,3bf6fa30-60fb-490a-9125-35eb24b98d40
1113,d87446bf-ffa3-4d72-a208-399509068585
1114,36e0dad4-5e30-48fa-87e4-d9908eb8d398
1115,78f823d7-319f-4378-86c3-597d58e579bf
1116,251077e8-1c40-4f52-9592-14fe3ecc7409
1117,160c453f-d9d6-470b-bb11-940ada812a53
1118,73889238-a050-41ed-a463-4e350050d222
1119,933640fc-a998-4123-a3d4-745bb1066494
1120,fc38f8d8-76f0-4495-bcc0-2357565666d7
1121,af7f6bd3-77f4-4255-a325-c772058f9177
1122,f391b53d-919e-45b1-a785-4df045477867
1123,8f85fcff-edaf-4dc3-88af-4e4e2177b104
1124,ebb76270-c9b8-4bbc-a6f5-c53a387c87af
1125,a1185758-87b0-413f-b233-4f4786695de3
1126,eb588a11-99f3-487e-82c2-3ab7fdbe996e
1127,dd529e06-c0d0-4f0e-b6d2-3a9bfe54653e
1128,f20338f9-681f-40ca-895e-9f9080f90d54
1129,47607353-2e62-4c2f-b831-07f6ecbeaadf
1130,9c7f6559-895a-4b4c-b913-ea89fbf8fa7c
1131,2c0a6e5e-6262-4d8b-ba7b-c3119c9bc860
1132,e00fb08f-609c-488a-9dac-6539e3223976
1133,67225264-08f4-46b4-ba09-ec930a9d0635
1134,d27e949c-6226-4d52-913b-4aa6db5dbe76
1135,056e0337-5c38-4a96-be23-0e05cf58e462
1136,5c17bbe6-d432-4985-8795-d7ce2aba603e
1137,8abaca9c-0a17-4131-864b-7182227c226d
1138,6eb678dd-9396-4b8d-8afd-46505a272f59
1139,9fd35811-cbf0-401a-8f83-24ffebd09481
1140,e6a791a0-7724-447a-a1ef-651da3312420
1141,54000b83-be3d-4b01-b57e-88d7889156cb
1142,0a1bbd07-7195-490d-8770-540618f984b4
1143,6685f5f5-5c52-45d2-8747-86f0791382b4
1144,b3c725a5-1b5f-4a6d-9880-6482b828e40b
1145,0d66c593-323a-4332-9a40-9a49924a6d9b
1146,d59c14c1-7e2c-436b-8139-3fda64602841
1147,6eaf9757-f3d2-43e1-90d5-0c6e2e1c9441
1148,f6f2a3c0-ffc3-42b0-8473-8ec9f6c6a2ce
1149,b0102404-becc-446b-8896-af479a8dacd2
1150,e3a31a35-9087-4db6-ade0-d082459037da
1151,cc35a9ab-4891-42ad-9e1f-fa02f5b2ba6a
1152,7747b396-be9d-4f33-b2b6-36ed26dd28dd
1153,9c3d0a62-1c7f-431a-bda0-2c14280db7ae
1154,7690a41c-6cb8-4211-9a29-93e6a3d170cd
1155,8e258872-0caa-4f92-9aa7-91ae130bdf6e
1156,e95f2a02-8d6e-4f5b-aa0a-8b5ad23244fe
1157,6d9d645b-4a0c-441c-bccc-bcc6f21d5824
1158,3c39be81-b528-48e8-96db-e2b16b2065e2
1159,7d54795c-6ae0-4118-8740-7fd6685df329
1160,37bc0d8f-62ad-4383-9d2c-dddf6444eba3
1161,5b17483e-0170-4f84-ba90-ef950efaf219
1162,02cc8dca-781b-4269-91e8-c0a030d36f91
1163,b1d39469-20a3-4353-a855-46815e0bd0e5
1164,6681d28a-2dbc-4290-b566-489e5a14684b
1165,29f1be6a-8ed5-4f08-946c-d1e65f2f2100
1166,3e9ef9f9-f1b2-4e68-91c6-6be8f02669c2
1167,caf1b8c9-d9f0-4461-918a-e468bf9ec60d
1168,8025483b-dc18-431e-abdf-a1166dc14929
1169,97a07a6f-0df4-4c5c-abd2-88609f20c1ab
1170,549912c7-56b8-4b21-a49d-a05295117d10
1171,6cfbe9b9-28ab-4e9a-a8c7-fec902729fb5
1172,6ac4210d-b61c-4538-b764-142c01df7927
1174,cab7e9b0-fdc4-4da2-8937-70d89bc04fef
1175,3394626b-d210-4f55-b5bf-83f4ed49be46
1176,526c98c6-683c-4234-b46b-f30844e72b7a
1177,5cd34f70-1256-4a76-9dc5-6591a50aa7c5
1178,c0f33344-08e8-4ef7-8255-d22c4d91c2bf
1179,db66b50f-080b-421c-b8e3-d750ed36217a
1180,df5bcba6-f0f4-401c-804b-7619c6cac995
1181,9cf5b1a9-3f06-44a9-a86b-1084d3156198
1182,7f712a29-cacf-4367-8761-59c4738f38ec
1183,0d2cba5a-ee5c-480c-90af-709e768d0088
1184,bfb074c5-7b42-4b5b-b099-8bfbfaf625c3
1186,69602446-4585-4b6c-8359-a26f325c10d5
1187,474b695b-84ed-4a8e-b27c-15ef644bbb2f
1188,2d2b99be-5180-46e9-9d16-c356cc05c00d
1189,1f49eda8-8d89-4e52-a280-af390f9b17b3
1190,348b84ac-737a-4c4a-bdbf-59b28a0d9131
1191,1cb6f858-e46a-4691-98c1-9f96a35164fe
1192,d3849b22-cd7f-4a50-83d9-b6e30a1c4b4f
1193,74dd8ce6-8e35-4e4f-9d34-849c9001980b
1194,aa62c009-5897-49cf-ba1f-43220d042fdc
1195,5dfebfb5-2bdb-44e8-b3b0-2e54c1e7210c
1196,3b5d16a6-a4f8-487b-a290-72952e612f54
1197,e6d95573-74c2-4d33-a32e-f5601c53881c
1198,2e74e05a-c566-43b0-8501-2b678d2f5170
1199,ba922e88-34c2-4e69-a0c4-7a4187b9352f
1200,6e470fc8-637f-457b-a6b2-8d541871aeb8
1201,7a512cbc-ec23-4b13-b6fe-ca6c3a71b302
1202,dd2c5db6-b2e0-4b2e-8f54-bf6fac7aba87
1203,32854aef-ba4a-4e77-ad71-ce4353b8e292
1204,994d85a1-6ccd-4ddb-9353-c5da8e70daee
1205,d35fb670-a5ce-4729-8822-01aba896b8de
1206,135c7e0f-7d7e-4e72-bec0-bd86470b0d56
1207,9f3e33c4-0dc0-4375-a877-6437a7dc8126
1208,e36a49d5-dedf-4111-afc2-20e15a72791a
1209,3aa5fc5a-9ff2-474f-b54b-6ebb73b23a7e
1210,fbb71276-2b43-4475-815f-977c746dfd5b
1211,0ec13be8-2116-4c14-a6e5-e46ffb905128
1212,3390fc1e-0dc4-4882-8139-5c6c2ed5d2d0
1213,631f81e3-4563-4526-895f-2f5de1bf412d
1214,86c27eb1-068f-498a-8e72-7aa15002a8b7
1215,d223120f-2dc8-4c21-b2bb-4c469bc82c43
1216,d8dece38-479b-40fe-b1fd-fbe5a15c5a50
1217,9ed2c6cd-2e7c-4973-896b-dcbd772d46ba
1218,46d37742-9857-4b69-b28e-282d98270eff
1219,e6347ee2-6eb6-4c68-ac32-5fdfc10ebb26
1220,ef3d9eb4-1c8d-45d4-bd5d-7a52e4b6e80a
1221,fb7446a6-d3d5-44c2-aaf5-1d17ad3ca744
1222,53e06540-37ac-43d9-ab15-1781684980fc
1223,77ee1a8d-7a7b-4f37-9815-8f59650e694a
1224,5f311fbc-2ded-490a-a525-8a671aae5021
1225,6ad9b698-df57-4747-bfd6-b030416d6086
1226,414834e7-7cc5-4afb-9c0a-8f5a1b6efe8a
1227,6a118ec6-b33c-487a-9c7a-3ba063f7893e
1228,c7e78d29-94a6-4a26-b47b-38d1ff92f1f9
1229,1e26dc55-1bc0-48d0-9560-b7bc68a4b2fd
1230,ea14fd27-4e73-4f6b-8b69-aecda25cdc95
1231,caaac82f-f660-4049-b1de-37a864bf9233
1232,57260222-58b7-486b-91f7-11364c663d1a
1233,9233f59a-64c8-45e8-8daf-c148014e5b6e
1234,4b083edc-a75d-4c87-8509-ff1ced2a5fa8
1235,a14806ba-e336-4482-a161-77bdfa5b20ca
1236,86e94a39-6d33-4bc1-b77e-019ca4375a96
1237,cf6d1048-b33a-4e96-8e63-0e5799bd17f8
1238,13584b72-1e34-4bcd-85cb-19a88793fce2
1239,8b730236-f7f8-43a2-9040-7a87f48df959
1240,a42d29cc-521c-4ddf-8b17-d2a3d8f0ee13
1241,1607e9ec-071e-484e-b3a4-6f8b4a76652e
1242,8d656488-398b-424c-ab7c-2cdb8c3e17b9
1243,2bc2ccf4-fcdd-49cf-8b5b-712380bd616a
1244,0c21cca3-6560-4ec7-9709-c74af62241c3
1245,a4cd84e7-2c76-4fab-ba91-a3cda1e3f99c
1246,c1eb7e4e-5860-4e14-9f47-26cb2170e1a1
1247,4f5505ba-fd9d-4719-9f1b-fdffc385e673
1248,68faa863-8113-44d4-94c8-e984826d07ee
1249,d768dacf-e664-4505-9b5f-e7afa9227bb1
1250,9f4f996b-bce0-4b63-bb1e-414ec6f0627c
1251,853673cd-9d2a-4f5f-ab57-836a1bb67aaa
1252,f6915350-feda-4431-8bc2-de5a9226ace3
1253,346cc458-85df-4449-a024-a3c4e2c73bfa
1254,d001b7f1-40fc-4a34-a016-5b5778abc0f3
1255,ae4d028b-1ff4-4b45-9c37-f2ad4b090e3b
1256,52f00a4c-1023-46ec-9d24-230d5b71e0e5
1257,499c53e8-d77c-4286-9ce9-a1098daef599
1258,f33b2726-6347-4284-be0d-774e1f114a4b
1259,a51f9709-4829-4e57-ba06-ac519f08088b
1260,6fbc245a-b55a-4585-9f53-6ae4ad4e3bb6
1261,4f78a1c6-5d9f-43cb-8595-078cf939560f
1262,34883e58-a51e-49bd-b946-1d472173ee6c
1263,d8e2aeab-2b54-44f6-a8e8-a47845bdc6af
1264,7470b170-95db-4f12-8e45-134ef5c8d096
1265,f798163a-571f-44f6-8e88-a36527643746
1266,8bd56f10-0ebb-45fa-8289-7376ef60433f
1267,dd07e4aa-24bc-44be-83d7-c181e3b371b1
1268,e6a40d84-7cdf-4bcd-b005-47f31c5ce70f
1269,2c54af03-a2e4-4cda-8359-dd38f25243e8
1270,4db1e17f-9937-4894-957f-161ff3e7cff3
1271,1c7b2c99-fb2e-47c8-bf9e-991b6f7552e3
1272,148327d1-f6a3-45ea-a530-13feb0ccbc0b
1273,7ae6b609-d334-45dc-a43f-9330fc98301a
1274,0044ec23-7292-4e0c-92b1-4919bd7e8493
1275,1275f5bd-12a2-4c49-97a7-89c298bc7493
1276,75b875c8-12b8-4dc4-b38a-91b64e8a3965
1277,ac60f7ec-1e31-4fe0-9d16-5f210ce386b7
1278,34a8adcd-2d07-492e-8c10-dfc57c4de892
1280,dd4bcb77-e76b-4c43-a061-8a8071c0df6d
1281,5e9d2dd9-9593-44b1-be46-81a0589bd428
1282,80f5c45d-9242-4d0e-b29f-71a3eb3c5d29
1283,5b7c8d1b-ea9e-401e-a3d7-fad9b07427bd
